98335,GIG HARBOR
98607,CAMAS
98221,ANACORTES
98277,OAK HARBOR
98332,GIG HARBOR
98604,BATTLE GROUND
98391,BONNEY LAKE
98837,MOSES LAKE
98682,VANCOUVER
98671,WASHOUGAL
98382,SEQUIM
98116,SEATTLE
98103,SEATTLE
98225,BELLINGHAM
98092,AUBURN
98226,BELLINGHAM
98258,LAKE STEVENS
98052,REDMOND
98290,SNOHOMISH
99208,SPOKANE
98223,ARLINGTON
98110,BAINBRIDGE ISLAND
98115,SEATTLE
98027,ISSAQUAH
98038,MAPLE VALLEY
98926,ELLENSBURG
98374,PUYALLUP
98229,BELLINGHAM
98006,BELLEVUE
99301,PASCO
98801,WENATCHEE
98058,RENTON
98033,KIRKLAND
99362,WALLA WALLA
98042,KENT
99224,SPOKANE
98642,RIDGEFIELD
98034,KIRKLAND
98208,EVERETT
98908,YAKIMA
98012,BOTHELL
98250,FRIDAY HARBOR
99223,SPOKANE
99163,PULLMAN
98275,MUKILTEO
98296,SNOHOMISH
98109,SEATTLE
98338,GRAHAM
98040,MERCER ISLAND
98023,FEDERAL WAY
98684,VANCOUVER
98685,VANCOUVER
98661,VANCOUVER
98501,OLYMPIA
98117,SEATTLE
98026,EDMONDS
98022,ENUMCLAW
98370,POULSBO
98367,PORT ORCHARD
98321,BUCKLEY
98125,SEATTLE
98004,BELLEVUE
99352,RICHLAND
98072,WOODINVILLE
98122,SEATTLE
98118,SEATTLE
98059,RENTON
98387,SPANAWAY
98292,STANWOOD
98203,EVERETT
98105,SEATTLE
98802,EAST WENATCHEE
98502,OLYMPIA
98102,SEATTLE
98422,TACOMA
98375,PUYALLUP
98107,SEATTLE
98074,SAMMAMISH
98584,SHELTON
98011,BOTHELL
98664,VANCOUVER
98075,SAMMAMISH
99203,SPOKANE
98407,TACOMA
98121,SEATTLE
98606,BRUSH PRAIRIE
98597,YELM
99206,SPOKANE VALLEY
98672,WHITE SALMON
98270,MARYSVILLE
98683,VANCOUVER
98512,OLYMPIA
98126,SEATTLE
98056,RENTON
99403,CLARKSTON
98513,OLYMPIA
98366,PORT ORCHARD
98248,FERNDALE
98166,BURIEN
99205,SPOKANE
98264,LYNDEN
98144,SEATTLE
98045,NORTH BEND
99019,LIBERTY LAKE
98362,PORT ANGELES
98272,MONROE
98020,EDMONDS
98686,VANCOUVER
98662,VANCOUVER
98532,CHEHALIS
98273,MOUNT VERNON
98199,SEATTLE
98136,SEATTLE
98005,BELLEVUE
98021,BOTHELL
98333,FOX ISLAND
98201,EVERETT
98498,LAKEWOOD
98028,KENMORE
98383,SILVERDALE
98282,CAMANO ISLAND
98031,KENT
98665,VANCOUVER
98632,LONGVIEW
98466,UNIVERSITY PLACE
98198,DES MOINES
98101,SEATTLE
98077,WOODINVILLE
98312,BREMERTON
98001,AUBURN
98055,RENTON
98119,SEATTLE
98087,LYNNWOOD
98036,LYNNWOOD
98826,LEAVENWORTH
98406,TACOMA
98373,PUYALLUP
98368,PORT TOWNSEND
98516,OLYMPIA
98112,SEATTLE
98003,FEDERAL WAY
98032,KENT
98008,BELLEVUE
99354,RICHLAND
99337,KENNEWICK
99324,COLLEGE PLACE
98503,LACEY
98245,EASTSOUND
98070,VASHON
98029,ISSAQUAH
99338,KENNEWICK
99026,NINE MILE FALLS
98499,LAKEWOOD
98065,SNOQUALMIE
98284,SEDRO WOOLLEY
98274,MOUNT VERNON
98155,LAKE FOREST PARK
99336,KENNEWICK
98663,VANCOUVER
98230,BLAINE
98204,EVERETT
99114,COLVILLE
98942,SELAH
98371,PUYALLUP
98311,BREMERTON
98106,SEATTLE
99353,WEST RICHLAND
99202,SPOKANE
99201,SPOKANE
99021,MEAD
98674,WOODLAND
98626,KELSO
99212,SPOKANE VALLEY
99006,DEER PARK
98329,GIG HARBOR
99217,SPOKANE
99004,CHENEY
98660,VANCOUVER
98360,ORTING
98328,EATONVILLE
98053,REDMOND
98030,KENT
99216,SPOKANE VALLEY
99005,COLBERT
98260,LANGLEY
98236,CLINTON
98019,DUVALL
98506,OLYMPIA
98390,SUMNER
98902,YAKIMA
98629,LA CENTER
98359,OLALLA
98178,SEATTLE
98037,LYNNWOOD
98010,BLACK DIAMOND
98024,FALL CITY
98901,YAKIMA
98531,CENTRALIA
98445,TACOMA
99350,PROSSER
98372,EDGEWOOD
98007,BELLEVUE
98467,UNIVERSITY PLACE
98363,PORT ANGELES
98271,MARYSVILLE
98177,SHORELINE
99218,SPOKANE
99207,SPOKANE
99022,MEDICAL LAKE
98823,EPHRATA
98310,BREMERTON
98146,SEATTLE
98444,TACOMA
98402,TACOMA
98239,COUPEVILLE
98057,RENTON
99156,NEWPORT
98404,TACOMA
98249,FREELAND
98133,SHORELINE
99344,OTHELLO
98409,TACOMA
98233,BURLINGTON
98108,SEATTLE
98043,MOUNTLAKE TERRACE
98002,AUBURN
98403,TACOMA
99016,SPOKANE VALLEY
98922,CLE ELUM
98848,QUINCY
98580,ROY
98327,DUPONT
98261,LOPEZ ISLAND
98232,BOW
98014,CARNATION
98346,KINGSTON
98257,LA CONNER
99003,CHATTAROY
98862,WINTHROP
98816,CHELAN
98405,TACOMA
98104,SEATTLE
98039,MEDINA
98675,YACOLT
98620,GOLDENDALE
98520,ABERDEEN
98446,TACOMA
98408,TACOMA
98365,PORT LUDLOW
98815,CASHMERE
98648,STEVENSON
98625,KALAMA
98528,BELFAIR
98349,LAKEBAY
99320,BENTON CITY
99109,CHEWELAH
99036,VALLEYFORD
98579,ROCHESTER
98188,SEATAC
99204,SPOKANE
98388,STEILACOOM
99037,SPOKANE VALLEY
99025,NEWMAN LAKE
98856,TWISP
98424,FIFE
98168,SEATTLE
98930,GRANDVIEW
98903,YAKIMA
98380,SEABECK
98465,TACOMA
98051,RAVENSDALE
99111,COLFAX
99009,ELK
98953,ZILLAH
98601,AMBOY
98591,TOLEDO
98443,TACOMA
98354,MILTON
98841,OMAK
98611,CASTLE ROCK
98294,SULTAN
98252,GRANITE FALLS
98247,EVERSON
98148,BURIEN
99349,MATTAWA
99166,REPUBLIC
99141,KETTLE FALLS
99027,OTIS ORCHARDS
98855,TONASKET
98576,RAINIER
98541,ELMA
98937,NACHES
98650,TROUT LAKE
98612,CATHLAMET
98596,WINLOCK
98589,TENINO
98569,OCEAN SHORES
98546,GRAPEVIEW
98418,TACOMA
98253,GREENBANK
98844,OROVILLE
98831,MANSON
98548,HOODSPORT
98228,BELLINGHAM
99323,BURBANK
98944,SUNNYSIDE
98857,WARDEN
98840,OKANOGAN
98635,LYLE
98610,CARSON
98592,UNION
98570,ONALASKA
98568,OAKVILLE
98550,HOQUIAM
98394,VAUGHN
98337,BREMERTON
98281,POINT ROBERTS
98047,PACIFIC
99357,ROYAL CITY
99185,WILBUR
99143,LACROSSE
98850,ROCK ISLAND
98651,UNDERWOOD
98640,OCEAN PARK
98563,MONTESANO
98524,ALLYN
98325,CHIMACUM
98240,CUSTER
98206,EVERETT
99402,ASOTIN
99169,RITZVILLE
99148,LOON LAKE
99130,GARFIELD
99122,DAVENPORT
99011,FAIRCHILD AFB
98951,WAPATO
98843,ORONDO
98577,RAYMOND
98507,OLYMPIA
98339,PORT HADLOCK
98279,OLGA
98244,DEMING
98237,CONCRETE
99361,WAITSBURG
99347,POMEROY
99328,DAYTON
99302,PASCO
99158,OAKESDALE
99001,AIRWAY HEIGHTS
98936,MOXEE
98687,VANCOUVER
98649,TOUTLE
98645,SILVERLAKE
98557,MCCLEARY
98392,SUQUAMISH
98376,QUILCENE
98340,HANSVILLE
98320,BRINNON
98266,MAPLE FALLS
98251,GOLD BAR
98243,DEER HARBOR
98025,HOBART
98009,BELLEVUE
99360,TOUCHET
99159,ODESSA
99139,IONE
99133,GRAND COULEE
99110,CLAYTON
98947,TIETON
98851,SOAP LAKE
98847,PESHASTIN
98828,MALAGA
98624,ILWACO
98564,MOSSYROCK
98558,MCKENNA
98439,MCCHORD AFB
98433,LEWIS MCCHORD
98295,SUMAS
98083,KIRKLAND
99343,MESA
99326,CONNELL
99173,SPRINGDALE
99171,SAINT JOHN
99161,PALOUSE
99138,INCHELIUM
99101,ADDY
99029,REARDAN
98948,TOPPENISH
98935,MABTON
98932,GRANGER
98858,WATERVILLE
98822,ENTIAT
98812,BREWSTER
98639,NORTH BONNEVILLE
98605,BINGEN
98565,NAPAVINE
98509,LACEY
98438,LEWIS MCCHORD
98396,WILKESON
98358,NORDLAND
98351,LONGBRANCH
98331,FORKS
98280,ORCAS
98278,OAK HARBOR
98262,LUMMI ISLAND
99346,PLYMOUTH
99330,ELTOPIA
99209,SPOKANE
99167,RICE
99157,NORTHPORT
99134,HARRINGTON
99126,EVANS
99124,ELMER CITY
99123,ELECTRIC CITY
99031,SPANGLE
98943,SOUTH CLE ELUM
98934,KITTITAS
98833,MAZAMA
98668,VANCOUVER
98638,NASELLE
98631,LONG BEACH
98613,CENTERVILLE
98603,ARIEL
98595,WESTPORT
98586,SOUTH BEND
98542,ETHEL
98537,COSMOPOLIS
98511,TUMWATER
98508,OLYMPIA
98385,SOUTH PRAIRIE
98377,RANDLE
98357,NEAH BAY
98356,MORTON
98353,MANCHESTER
98344,KAPOWSIN
98342,INDIANOLA
98315,SILVERDALE
98304,ASHFORD
98291,SNOHOMISH
98241,DARRINGTON
98231,BLAINE
98227,BELLINGHAM
98145,SEATTLE
98134,SEATTLE
98124,SEATTLE
98073,REDMOND
98050,PRESTON
98015,BELLEVUE
99401,ANATONE
99348,PRESCOTT
99341,LIND
99335,KAHLOTUS
99329,DIXIE
99321,BEVERLY
99181,VALLEY
99179,UNIONTOWN
99153,METALINE FALLS
99140,KELLER
99135,HARTLINE
99128,FARMINGTON
99125,ENDICOTT
99119,CUSICK
99117,CRESTON
99116,COULEE DAM
99113,COLTON
99103,ALMIRA
99102,ALBION
99013,FORD
99008,EDWALL
98933,HARRAH
98860,WILSON CREEK
98852,STEHEKIN
98846,PATEROS
98836,MONITOR
98814,CARLTON
98807,WENATCHEE
98666,VANCOUVER
98644,SEAVIEW
98623,HUSUM
98617,DALLESPORT
98614,CHINOOK
98590,TOKELAND
98547,GRAYLAND
98538,CURTIS
98496,LAKEWOOD
98417,TACOMA
98395,WAUNA
98384,SOUTH COLBY
98345,KEYPORT
98324,CARLSBORG
98303,ANDERSON ISLAND
98286,SHAW ISLAND
98276,NOOKSACK
98267,MARBLEMOUNT
98238,CONWAY
98139,SEATTLE
98138,SEATTLE
98127,SEATTLE
98111,SEATTLE
98068,SNOQUALMIE PASS
98046,LYNNWOOD
99371,WASHTUCNA
99322,BICKLETON
99211,SPOKANE VALLEY
99210,SPOKANE
99176,THORNTON
99170,ROSALIA
99164,PULLMAN
99160,ORIENT
99150,MALO
99147,CRESTON
99129,FRUITLAND
99121,DANVILLE
99118,CURLEW
99115,COULEE CITY
99033,TEKOA
99032,SPRAGUE
99023,MICA
99017,LAMONT
99012,FAIRFIELD
98952,WHITE SWAN
98946,THORP
98941,ROSLYN
98940,RONALD
98938,OUTLOOK
98923,COWICHE
98904,YAKIMA
98849,RIVERSIDE
98830,MANSFIELD
98829,MALOTT
98827,LOOMIS
98817,CHELAN FALLS
98811,ARDENVOIR
98670,WAHKIACUS
98628,KLICKITAT
98621,GRAYS RIVER
98619,GLENWOOD
98616,COUGAR
98593,VADER
98588,TAHUYA
98587,TAHOLAH
98582,SALKUM
98581,RYDERWOOD
98556,LITTLEROCK
98555,LILLIWAUP
98540,EAST OLYMPIA
98536,COPALIS CROSSING
98533,CINEBAR
98530,BUCODA
98527,BAY CENTER
98464,TACOMA
98448,TACOMA
98431,TACOMA
98411,TACOMA
98401,TACOMA
98393,TRACYTON
98381,SEKIU
98361,PACKWOOD
98355,MINERAL
98322,BURLEY
98297,WALDRON
98293,STARTUP
98287,SILVANA
98259,NORTH LAKEWOOD
98256,INDEX
98222,BLAKELY ISLAND
98220,ACME
98195,SEATTLE
98175,SEATTLE
98141,SEATTLE
98114,SEATTLE
98093,FEDERAL WAY
98071,AUBURN
98064,KENT
98062,SEAHURST
98041,BOTHELL
98035,KENT
